GROUP,PACKAGE,CLASS,INSTRUCTION_MISSED,INSTRUCTION_COVERED,BRANCH_MISSED,BRANCH_COVERED,LINE_MISSED,LINE_COVERED,COMPLEXITY_MISSED,COMPLEXITY_COVERED,METHOD_MISSED,METHOD_COVERED
stars,edu.brown.cs.abeckrui.stars,Main.FrontHandler,12,0,0,0,2,0,1,0,1,0
stars,edu.brown.cs.abeckrui.stars,Main.RadiusSubmitHandler,73,0,6,0,16,0,4,0,1,0
stars,edu.brown.cs.abeckrui.stars,StarsLogic,64,1928,19,191,27,388,19,103,0,15
stars,edu.brown.cs.abeckrui.stars,Main.NeighborsSubmitHandler,73,0,6,0,16,0,4,0,1,0
stars,edu.brown.cs.abeckrui.stars,Star,0,68,0,4,0,21,0,10,0,8
stars,edu.brown.cs.abeckrui.stars,Main,159,0,2,0,40,0,6,0,5,0
stars,edu.brown.cs.abeckrui.stars,Main.ExceptionPrinter,26,0,0,0,8,0,1,0,1,0
stars,edu.brown.cs.abeckrui.stars,PriorityComparator,0,76,0,4,0,18,0,4,0,2
stars,edu.brown.cs.abeckrui.mockaroo,MockPersonLogic,148,101,15,15,29,23,14,5,2,2
stars,edu.brown.cs.abeckrui.mockaroo,MockPerson,37,0,0,0,10,0,2,0,2,0
stars,edu.brown.cs.abeckrui,Kdtree,0,106,0,8,0,22,0,7,0,3
stars,edu.brown.cs.abeckrui,Repl,92,0,8,0,26,0,7,0,3,0
stars,edu.brown.cs.abeckrui,Csv,107,114,29,15,27,29,20,4,0,2
stars,edu.brown.cs.abeckrui,CoordinateComparator,0,38,0,4,0,10,0,4,0,2
stars,edu.brown.cs.abeckrui,Node,3,46,1,5,1,19,1,10,0,8
